Time,uri,source,outer,mission,mission_name,height_m,human,human_fresh,human_stable,human_hold_s,human_confidence_pct,human_direction,human_max_temp_c,human_thermistor_c,flow_timestamp_ms,delta_x,delta_y,shutter,vel_x_mps,vel_y_mps,cmd_x_mps,cmd_y_mps,front_mm,left_mm,right_mm,back_mm,up_mm,vbat_v
2026-04-07T10:34:37.773,radio://0/80/2M,mission,0,0,Reacquire Wall,0.0005954510415904224,0,0,0,0.0,0,0,0.0,0.0,0,0,0,0,0.0,0.0,0.0,0.0,32766,32766,32766,32766,32766,0.0
2026-04-07T10:34:37.776,radio://0/80/2M,flow,0,0,Reacquire Wall,0.0005954510415904224,0,0,0,0.0,0,0,0.0,0.0,47444,0,0,8191,0.005126970820128918,0.002079444471746683,0.0,0.0,32766,32766,32766,32766,32766,0.0
2026-04-07T10:34:37.777,radio://0/80/2M,range,0,0,Reacquire Wall,0.0005954510415904224,0,0,0,0.0,0,0,0.0,0.0,47444,0,0,8191,0.005126970820128918,0.002079444471746683,0.0,0.0,225,465,245,250,2936,4.1331377029418945
2026-04-07T10:34:38.022,radio://0/80/2M,mission,0,0,Reacquire Wall,0.0005738759064115584,0,0,0,0.0,0,0,0.0,0.0,47444,0,0,8191,0.005126970820128918,0.002079444471746683,0.0,0.0,225,465,245,250,2936,4.1331377029418945
2026-04-07T10:34:38.025,radio://0/80/2M,flow,0,0,Reacquire Wall,0.0005738759064115584,0,0,0,0.0,0,0,0.0,0.0,47694,1,0,8191,0.0031725289300084114,-0.0010139759397134185,0.0,0.0,225,465,245,250,2936,4.1331377029418945
2026-04-07T10:34:38.026,radio://0/80/2M,range,0,0,Reacquire Wall,0.0005738759064115584,0,0,0,0.0,0,0,0.0,0.0,47694,1,0,8191,0.0031725289300084114,-0.0010139759397134185,0.0,0.0,228,466,245,250,2927,4.138416290283203
2026-04-07T10:34:38.272,radio://0/80/2M,mission,0,0,Reacquire Wall,-0.00011401948722777888,0,0,0,0.0,0,0,0.0,0.0,47694,1,0,8191,0.0031725289300084114,-0.0010139759397134185,0.0,0.0,228,466,245,250,2927,4.138416290283203
2026-04-07T10:34:38.275,radio://0/80/2M,flow,0,0,Reacquire Wall,-0.00011401948722777888,0,0,0,0.0,0,0,0.0,0.0,47944,0,0,8191,0.002009500050917268,-0.00013984114048071206,0.0,0.0,228,466,245,250,2927,4.138416290283203
2026-04-07T10:34:38.276,radio://0/80/2M,range,0,0,Reacquire Wall,-0.00011401948722777888,0,0,0,0.0,0,0,0.0,0.0,47944,0,0,8191,0.002009500050917268,-0.00013984114048071206,0.0,0.0,227,467,249,250,2918,4.1331377029418945
2026-04-07T10:34:38.522,radio://0/80/2M,mission,0,0,Reacquire Wall,0.0005695024156011641,0,0,0,0.0,0,0,0.0,0.0,47944,0,0,8191,0.002009500050917268,-0.00013984114048071206,0.0,0.0,227,467,249,250,2918,4.1331377029418945
2026-04-07T10:34:38.525,radio://0/80/2M,flow,0,0,Reacquire Wall,0.0005695024156011641,0,0,0,0.0,0,0,0.0,0.0,48194,0,1,8191,0.0020240384619683027,0.002018568804487586,0.0,0.0,227,467,249,250,2918,4.1331377029418945
2026-04-07T10:34:38.527,radio://0/80/2M,range,0,0,Reacquire Wall,0.0005695024156011641,0,0,0,0.0,0,0,0.0,0.0,48194,0,1,8191,0.0020240384619683027,0.002018568804487586,0.0,0.0,229,466,246,255,2918,4.138416290283203
2026-04-07T10:34:38.772,radio://0/80/2M,mission,0,0,Reacquire Wall,3.18728452839423e-05,0,0,0,0.0,0,0,0.0,0.0,48194,0,1,8191,0.0020240384619683027,0.002018568804487586,0.0,0.0,229,466,246,255,2918,4.138416290283203
2026-04-07T10:34:38.775,radio://0/80/2M,flow,0,0,Reacquire Wall,3.18728452839423e-05,0,0,0,0.0,0,0,0.0,0.0,48444,0,0,8191,0.004635862074792385,0.0010939021594822407,0.0,0.0,229,466,246,255,2918,4.138416290283203
2026-04-07T10:34:38.776,radio://0/80/2M,range,0,0,Reacquire Wall,3.18728452839423e-05,0,0,0,0.0,0,0,0.0,0.0,48444,0,0,8191,0.004635862074792385,0.0010939021594822407,0.0,0.0,225,468,248,250,2926,4.1331377029418945
2026-04-07T10:34:39.022,radio://0/80/2M,mission,0,0,Reacquire Wall,0.0005956749082542956,0,0,0,0.0,0,0,0.0,0.0,48444,0,0,8191,0.004635862074792385,0.0010939021594822407,0.0,0.0,225,468,248,250,2926,4.1331377029418945
2026-04-07T10:34:39.024,radio://0/80/2M,flow,0,0,Reacquire Wall,0.0005956749082542956,0,0,0,0.0,0,0,0.0,0.0,48694,0,0,8191,0.004988403990864754,-0.0017118086107075214,0.0,0.0,225,468,248,250,2926,4.1331377029418945
2026-04-07T10:34:39.025,radio://0/80/2M,range,0,0,Reacquire Wall,0.0005956749082542956,0,0,0,0.0,0,0,0.0,0.0,48694,0,0,8191,0.004988403990864754,-0.0017118086107075214,0.0,0.0,232,465,246,256,2928,4.138416290283203
2026-04-07T10:34:39.272,radio://0/80/2M,mission,0,0,Reacquire Wall,8.634755795355886e-05,0,0,0,0.0,0,0,0.0,0.0,48694,0,0,8191,0.004988403990864754,-0.0017118086107075214,0.0,0.0,232,465,246,256,2928,4.138416290283203
2026-04-07T10:34:39.274,radio://0/80/2M,flow,0,0,Reacquire Wall,8.634755795355886e-05,0,0,0,0.0,0,0,0.0,0.0,48944,0,0,8191,0.004928812384605408,0.002270727651193738,0.0,0.0,232,465,246,256,2928,4.138416290283203
2026-04-07T10:34:39.275,radio://0/80/2M,range,0,0,Reacquire Wall,8.634755795355886e-05,0,0,0,0.0,0,0,0.0,0.0,48944,0,0,8191,0.004928812384605408,0.002270727651193738,0.0,0.0,230,466,247,250,2923,4.1331377029418945
2026-04-07T10:34:39.521,radio://0/80/2M,mission,0,0,Reacquire Wall,-0.0001271389046451077,0,0,0,0.0,0,0,0.0,0.0,48944,0,0,8191,0.004928812384605408,0.002270727651193738,0.0,0.0,230,466,247,250,2923,4.1331377029418945
2026-04-07T10:34:39.524,radio://0/80/2M,flow,0,0,Reacquire Wall,-0.0001271389046451077,0,0,0,0.0,0,0,0.0,0.0,49194,0,1,8191,0.0027274899184703827,0.0013903434155508876,0.0,0.0,230,466,247,250,2923,4.1331377029418945
2026-04-07T10:34:39.526,radio://0/80/2M,range,0,0,Reacquire Wall,-0.0001271389046451077,0,0,0,0.0,0,0,0.0,0.0,49194,0,1,8191,0.0027274899184703827,0.0013903434155508876,0.0,0.0,226,466,247,250,2932,4.138416290283203
2026-04-07T10:34:39.771,radio://0/80/2M,mission,0,0,Reacquire Wall,-2.7336940547684208e-05,0,0,0,0.0,0,0,0.0,0.0,49194,0,1,8191,0.0027274899184703827,0.0013903434155508876,0.0,0.0,226,466,247,250,2932,4.138416290283203
2026-04-07T10:34:39.774,radio://0/80/2M,flow,0,0,Reacquire Wall,-2.7336940547684208e-05,0,0,0,0.0,0,0,0.0,0.0,49444,0,0,8191,0.004591648001223803,0.0012298739748075604,0.0,0.0,226,466,247,250,2932,4.138416290283203
2026-04-07T10:34:39.775,radio://0/80/2M,range,0,0,Reacquire Wall,-2.7336940547684208e-05,0,0,0,0.0,0,0,0.0,0.0,49444,0,0,8191,0.004591648001223803,0.0012298739748075604,0.0,0.0,225,466,245,252,2935,4.1331377029418945
2026-04-07T10:34:40.021,radio://0/80/2M,mission,0,0,Reacquire Wall,0.00028237540391273797,0,0,0,0.0,0,0,0.0,0.0,49444,0,0,8191,0.004591648001223803,0.0012298739748075604,0.0,0.0,225,466,245,252,2935,4.1331377029418945
2026-04-07T10:34:40.024,radio://0/80/2M,flow,0,0,Reacquire Wall,0.00028237540391273797,0,0,0,0.0,0,0,0.0,0.0,49694,0,1,8191,0.0029038991779088974,0.0005340538918972015,0.0,0.0,225,466,245,252,2935,4.1331377029418945
2026-04-07T10:34:40.025,radio://0/80/2M,range,0,0,Reacquire Wall,0.00028237540391273797,0,0,0,0.0,0,0,0.0,0.0,49694,0,1,8191,0.0029038991779088974,0.0005340538918972015,0.0,0.0,225,462,246,250,2927,4.138416290283203
2026-04-07T10:34:40.271,radio://0/80/2M,mission,0,0,Reacquire Wall,-4.915228419122286e-05,0,0,0,0.0,0,0,0.0,0.0,49694,0,1,8191,0.0029038991779088974,0.0005340538918972015,0.0,0.0,225,462,246,250,2927,4.138416290283203
2026-04-07T10:34:40.274,radio://0/80/2M,flow,0,0,Reacquire Wall,-4.915228419122286e-05,0,0,0,0.0,0,0,0.0,0.0,49944,0,0,8191,0.005611779168248177,0.002113569527864456,0.0,0.0,225,462,246,250,2927,4.138416290283203
2026-04-07T10:34:40.275,radio://0/80/2M,range,0,0,Reacquire Wall,-4.915228419122286e-05,0,0,0,0.0,0,0,0.0,0.0,49944,0,0,8191,0.005611779168248177,0.002113569527864456,0.0,0.0,228,467,244,252,2926,4.1331377029418945
2026-04-07T10:34:40.520,radio://0/80/2M,mission,0,0,Reacquire Wall,9.186011448036879e-05,0,0,0,0.0,0,0,0.0,0.0,49944,0,0,8191,0.005611779168248177,0.002113569527864456,0.0,0.0,228,467,244,252,2926,4.1331377029418945
2026-04-07T10:34:40.523,radio://0/80/2M,flow,0,0,Reacquire Wall,9.186011448036879e-05,0,0,0,0.0,0,0,0.0,0.0,50194,0,1,8191,0.003057154593989253,0.0014375593746080995,0.0,0.0,228,467,244,252,2926,4.1331377029418945
2026-04-07T10:34:40.524,radio://0/80/2M,range,0,0,Reacquire Wall,9.186011448036879e-05,0,0,0,0.0,0,0,0.0,0.0,50194,0,1,8191,0.003057154593989253,0.0014375593746080995,0.0,0.0,228,467,244,255,2932,4.138416290283203
2026-04-07T10:34:40.769,radio://0/80/2M,mission,0,0,Reacquire Wall,-5.459806925500743e-05,0,0,0,0.0,0,0,0.0,0.0,50194,0,1,8191,0.003057154593989253,0.0014375593746080995,0.0,0.0,228,467,244,255,2932,4.138416290283203
2026-04-07T10:34:40.772,radio://0/80/2M,flow,0,0,Reacquire Wall,-5.459806925500743e-05,0,0,0,0.0,0,0,0.0,0.0,50444,0,0,8191,0.005314451642334461,0.0027780765667557716,0.0,0.0,228,467,244,255,2932,4.138416290283203
2026-04-07T10:34:40.773,radio://0/80/2M,range,0,0,Reacquire Wall,-5.459806925500743e-05,0,0,0,0.0,0,0,0.0,0.0,50444,0,0,8191,0.005314451642334461,0.0027780765667557716,0.0,0.0,230,467,248,252,2927,4.1331377029418945
2026-04-07T10:34:41.020,radio://0/80/2M,mission,0,0,Reacquire Wall,0.00045963237062096596,0,0,0,0.0,0,0,0.0,0.0,50444,0,0,8191,0.005314451642334461,0.0027780765667557716,0.0,0.0,230,467,248,252,2927,4.1331377029418945
2026-04-07T10:34:41.023,radio://0/80/2M,flow,0,0,Reacquire Wall,0.00045963237062096596,0,0,0,0.0,0,0,0.0,0.0,50694,1,0,8191,0.004047812893986702,-0.0012349624885246158,0.0,0.0,230,467,248,252,2927,4.1331377029418945
2026-04-07T10:34:41.024,radio://0/80/2M,range,0,0,Reacquire Wall,0.00045963237062096596,0,0,0,0.0,0,0,0.0,0.0,50694,1,0,8191,0.004047812893986702,-0.0012349624885246158,0.0,0.0,229,467,246,252,2938,4.1331377029418945
2026-04-07T10:34:41.269,radio://0/80/2M,mission,0,0,Reacquire Wall,-3.809173358604312e-05,0,0,0,0.0,0,0,0.0,0.0,50694,1,0,8191,0.004047812893986702,-0.0012349624885246158,0.0,0.0,229,467,246,252,2938,4.1331377029418945
2026-04-07T10:34:41.272,radio://0/80/2M,flow,0,0,Reacquire Wall,-3.809173358604312e-05,0,0,0,0.0,0,0,0.0,0.0,50944,0,-1,8191,0.004942764528095722,-7.216450285341125e-06,0.0,0.0,229,467,246,252,2938,4.1331377029418945
2026-04-07T10:34:41.273,radio://0/80/2M,range,0,0,Reacquire Wall,-3.809173358604312e-05,0,0,0,0.0,0,0,0.0,0.0,50944,0,-1,8191,0.004942764528095722,-7.216450285341125e-06,0.0,0.0,230,467,247,259,2925,4.1331377029418945
2026-04-07T10:34:41.520,radio://0/80/2M,mission,1,0,Reacquire Wall,0.0012405670713633299,0,0,0,0.0,0,0,0.0,0.0,50944,0,-1,8191,0.004942764528095722,-7.216450285341125e-06,0.0,0.0,230,467,247,259,2925,4.1331377029418945
2026-04-07T10:34:41.522,radio://0/80/2M,flow,1,0,Reacquire Wall,0.0012405670713633299,0,0,0,0.0,0,0,0.0,0.0,51194,0,0,8191,0.0041513629257678986,-0.002045149216428399,-0.002089468529447913,0.03961286321282387,230,467,247,259,2925,4.1331377029418945
2026-04-07T10:34:41.523,radio://0/80/2M,range,1,0,Reacquire Wall,0.0012405670713633299,0,0,0,0.0,0,0,0.0,0.0,51194,0,0,8191,0.0041513629257678986,-0.002045149216428399,-0.002089468529447913,0.03961286321282387,226,465,246,250,2927,3.4416422843933105
2026-04-07T10:34:41.768,radio://0/80/2M,mission,1,0,Reacquire Wall,0.04671788960695267,0,0,0,0.0,0,0,0.0,0.0,51194,0,0,8191,0.0041513629257678986,-0.002045149216428399,-0.002089468529447913,0.03961286321282387,226,465,246,250,2927,3.4416422843933105
2026-04-07T10:34:41.772,radio://0/80/2M,flow,1,0,Reacquire Wall,0.04671788960695267,0,0,0,0.0,0,0,0.0,0.0,51444,24,-31,4153,0.5943725109100342,-0.3344790041446686,-0.06030532717704773,0.0496755950152874,226,465,246,250,2927,3.4416422843933105
2026-04-07T10:34:41.773,radio://0/80/2M,range,1,0,Reacquire Wall,0.04671788960695267,0,0,0,0.0,0,0,0.0,0.0,51444,24,-31,4153,0.5943725109100342,-0.3344790041446686,-0.06030532717704773,0.0496755950152874,127,489,228,32766,32766,3.4521994590759277
2026-04-07T10:34:42.020,radio://0/80/2M,mission,1,0,Reacquire Wall,0.16043302416801453,0,0,0,0.0,0,0,0.0,0.0,51444,24,-31,4153,0.5943725109100342,-0.3344790041446686,-0.06030532717704773,0.0496755950152874,127,489,228,32766,32766,3.4521994590759277
2026-04-07T10:34:42.022,radio://0/80/2M,flow,1,0,Reacquire Wall,0.16043302416801453,0,0,0,0.0,0,0,0.0,0.0,51694,5,-24,2564,0.8288053274154663,-0.24125680327415466,-0.011540590785443783,0.0,127,489,228,32766,32766,3.4521994590759277
2026-04-07T10:34:42.023,radio://0/80/2M,range,1,0,Reacquire Wall,0.16043302416801453,0,0,0,0.0,0,0,0.0,0.0,51694,5,-24,2564,0.8288053274154663,-0.24125680327415466,-0.011540590785443783,0.0,1781,556,836,32766,2822,3.526099681854248
2026-04-07T10:34:42.269,radio://0/80/2M,mission,1,0,Reacquire Wall,0.27526405453681946,0,0,0,0.0,0,0,0.0,0.0,51694,5,-24,2564,0.8288053274154663,-0.24125680327415466,-0.011540590785443783,0.0,1781,556,836,32766,2822,3.526099681854248
2026-04-07T10:34:42.272,radio://0/80/2M,flow,1,0,Reacquire Wall,0.27526405453681946,0,0,0,0.0,0,0,0.0,0.0,51944,1,1,2894,0.08748947829008102,-0.013613145798444748,-1.5476717862838996e-06,0.0,1781,556,836,32766,2822,3.526099681854248
2026-04-07T10:34:42.273,radio://0/80/2M,range,1,0,Reacquire Wall,0.27526405453681946,0,0,0,0.0,0,0,0.0,0.0,51944,1,1,2894,0.08748947829008102,-0.013613145798444748,-1.5476717862838996e-06,0.0,1788,589,806,722,2852,3.541935443878174
2026-04-07T10:34:42.518,radio://0/80/2M,mission,1,0,Reacquire Wall,0.3488624393939972,0,0,0,0.0,0,0,0.0,0.0,51944,1,1,2894,0.08748947829008102,-0.013613145798444748,-1.5476717862838996e-06,0.0,1788,589,806,722,2852,3.541935443878174
2026-04-07T10:34:42.521,radio://0/80/2M,flow,1,0,Reacquire Wall,0.3488624393939972,0,0,0,0.0,0,0,0.0,0.0,52194,-1,2,2894,-0.1542803943157196,0.02482825703918934,-2.075533356293846e-10,0.0,1788,589,806,722,2852,3.541935443878174
2026-04-07T10:34:42.523,radio://0/80/2M,range,1,0,Reacquire Wall,0.3488624393939972,0,0,0,0.0,0,0,0.0,0.0,52194,-1,2,2894,-0.1542803943157196,0.02482825703918934,-2.075533356293846e-10,0.0,1648,609,802,2505,2595,3.515542507171631
2026-04-07T10:34:42.768,radio://0/80/2M,mission,1,0,Reacquire Wall,0.40668967366218567,0,0,0,0.0,0,0,0.0,0.0,52194,-1,2,2894,-0.1542803943157196,0.02482825703918934,-2.075533356293846e-10,0.0,1648,609,802,2505,2595,3.515542507171631
2026-04-07T10:34:42.771,radio://0/80/2M,flow,1,0,Reacquire Wall,0.40668967366218567,0,0,0,0.0,0,0,0.0,0.0,52444,0,-2,2894,-0.02127675898373127,-0.020616693422198296,0.15197999775409698,0.0,1648,609,802,2505,2595,3.515542507171631
2026-04-07T10:34:42.772,radio://0/80/2M,range,1,0,Reacquire Wall,0.40668967366218567,0,0,0,0.0,0,0,0.0,0.0,52444,0,-2,2894,-0.02127675898373127,-0.020616693422198296,0.15197999775409698,0.0,1649,612,809,2525,2558,3.5049853324890137
2026-04-07T10:34:43.018,radio://0/80/2M,mission,1,0,Reacquire Wall,0.44574612379074097,0,0,0,0.0,0,0,0.0,0.0,52444,0,-2,2894,-0.02127675898373127,-0.020616693422198296,0.15197999775409698,0.0,1649,612,809,2525,2558,3.5049853324890137
2026-04-07T10:34:43.021,radio://0/80/2M,flow,1,0,Reacquire Wall,0.44574612379074097,0,0,0,0.0,0,0,0.0,0.0,52694,0,0,2894,0.12243547290563583,0.0045533073134720325,0.1999935656785965,0.0,1649,612,809,2525,2558,3.5049853324890137
2026-04-07T10:34:43.022,radio://0/80/2M,range,1,0,Reacquire Wall,0.44574612379074097,0,0,0,0.0,0,0,0.0,0.0,52694,0,0,2894,0.12243547290563583,0.0045533073134720325,0.1999935656785965,0.0,1632,627,789,2539,2508,3.4838709831237793
2026-04-07T10:34:43.268,radio://0/80/2M,mission,1,0,Reacquire Wall,0.4818067252635956,0,0,0,0.0,0,0,0.0,0.0,52694,0,0,2894,0.12243547290563583,0.0045533073134720325,0.1999935656785965,0.0,1632,627,789,2539,2508,3.4838709831237793
2026-04-07T10:34:43.271,radio://0/80/2M,flow,1,0,Reacquire Wall,0.4818067252635956,0,0,0,0.0,0,0,0.0,0.0,52944,-8,8,2894,0.10652375966310501,0.028051527217030525,0.19999998807907104,0.0,1632,627,789,2539,2508,3.4838709831237793
2026-04-07T10:34:43.272,radio://0/80/2M,range,1,0,Reacquire Wall,0.4818067252635956,0,0,0,0.0,0,0,0.0,0.0,52944,-8,8,2894,0.10652375966310501,0.028051527217030525,0.19999998807907104,0.0,1587,637,780,2587,2468,3.4838709831237793
2026-04-07T10:34:43.518,radio://0/80/2M,mission,1,0,Reacquire Wall,0.509765625,0,0,0,0.0,0,0,0.0,0.0,52944,-8,8,2894,0.10652375966310501,0.028051527217030525,0.19999998807907104,0.0,1587,637,780,2587,2468,3.4838709831237793
2026-04-07T10:34:43.521,radio://0/80/2M,flow,1,0,Reacquire Wall,0.509765625,0,0,0,0.0,0,0,0.0,0.0,53194,1,0,2894,0.10790009796619415,0.0044572907499969006,0.19999998807907104,0.0,1587,637,780,2587,2468,3.4838709831237793
2026-04-07T10:34:43.522,radio://0/80/2M,range,1,0,Reacquire Wall,0.509765625,0,0,0,0.0,0,0,0.0,0.0,53194,1,0,2894,0.10790009796619415,0.0044572907499969006,0.19999998807907104,0.0,1479,679,750,2683,2431,3.473313808441162
2026-04-07T10:34:43.767,radio://0/80/2M,mission,1,0,Reacquire Wall,0.5248610377311707,0,0,0,0.0,0,0,0.0,0.0,53194,1,0,2894,0.10790009796619415,0.0044572907499969006,0.19999998807907104,0.0,1479,679,750,2683,2431,3.473313808441162
2026-04-07T10:34:43.771,radio://0/80/2M,flow,1,0,Reacquire Wall,0.5248610377311707,0,0,0,0.0,0,0,0.0,0.0,53444,1,-4,3074,0.2539018392562866,-0.038874197751283646,0.19999998807907104,0.0,1479,679,750,2683,2431,3.473313808441162
2026-04-07T10:34:43.772,radio://0/80/2M,range,1,0,Reacquire Wall,0.5248610377311707,0,0,0,0.0,0,0,0.0,0.0,53444,1,-4,3074,0.2539018392562866,-0.038874197751283646,0.19999998807907104,0.0,1393,703,733,2778,2413,3.4416422843933105
2026-04-07T10:34:44.039,radio://0/80/2M,mission,1,0,Reacquire Wall,0.5362181067466736,0,0,0,0.0,0,0,0.0,0.0,53444,1,-4,3074,0.2539018392562866,-0.038874197751283646,0.19999998807907104,0.0,1393,703,733,2778,2413,3.4416422843933105
2026-04-07T10:34:44.041,radio://0/80/2M,flow,1,0,Reacquire Wall,0.5362181067466736,0,0,0,0.0,0,0,0.0,0.0,53694,1,0,4160,0.2616960108280182,-0.03053714893758297,0.19999998807907104,0.0,1393,703,733,2778,2413,3.4416422843933105
2026-04-07T10:34:44.042,radio://0/80/2M,range,1,0,Reacquire Wall,0.5362181067466736,0,0,0,0.0,0,0,0.0,0.0,53694,1,0,4160,0.2616960108280182,-0.03053714893758297,0.19999998807907104,0.0,1252,731,766,2932,2390,3.446920871734619
2026-04-07T10:34:44.267,radio://0/80/2M,mission,1,0,Reacquire Wall,0.5513131022453308,0,0,0,0.0,0,0,0.0,0.0,53694,1,0,4160,0.2616960108280182,-0.03053714893758297,0.19999998807907104,0.0,1252,731,766,2932,2390,3.446920871734619
2026-04-07T10:34:44.270,radio://0/80/2M,flow,1,0,Reacquire Wall,0.5513131022453308,0,0,0,0.0,0,0,0.0,0.0,53944,0,3,4160,0.22089238464832306,-0.007977917790412903,0.19999998807907104,0.0,1252,731,766,2932,2390,3.446920871734619
2026-04-07T10:34:44.271,radio://0/80/2M,range,1,0,Reacquire Wall,0.5513131022453308,0,0,0,0.0,0,0,0.0,0.0,53944,0,3,4160,0.22089238464832306,-0.007977917790412903,0.19999998807907104,0.0,1161,740,1997,3035,2383,3.4310851097106934
2026-04-07T10:34:44.516,radio://0/80/2M,mission,1,0,Reacquire Wall,0.5574557781219482,0,0,0,0.0,0,0,0.0,0.0,53944,0,3,4160,0.22089238464832306,-0.007977917790412903,0.19999998807907104,0.0,1161,740,1997,3035,2383,3.4310851097106934
2026-04-07T10:34:44.519,radio://0/80/2M,flow,1,0,Reacquire Wall,0.5574557781219482,0,0,0,0.0,0,0,0.0,0.0,54194,0,-2,4160,0.16299083828926086,0.006178092211484909,0.19999998807907104,0.0,1161,740,1997,3035,2383,3.4310851097106934
2026-04-07T10:34:44.521,radio://0/80/2M,range,1,0,Reacquire Wall,0.5574557781219482,0,0,0,0.0,0,0,0.0,0.0,54194,0,-2,4160,0.16299083828926086,0.006178092211484909,0.19999998807907104,0.0,1038,756,32766,3119,2371,3.4258065223693848
2026-04-07T10:34:44.767,radio://0/80/2M,mission,1,0,Reacquire Wall,0.5559081435203552,0,0,0,0.0,0,0,0.0,0.0,54194,0,-2,4160,0.16299083828926086,0.006178092211484909,0.19999998807907104,0.0,1038,756,32766,3119,2371,3.4258065223693848
2026-04-07T10:34:44.770,radio://0/80/2M,flow,1,0,Reacquire Wall,0.5559081435203552,0,0,0,0.0,0,0,0.0,0.0,54444,1,-3,4160,0.19728460907936096,0.008837868459522724,0.19999998807907104,0.0,1038,756,32766,3119,2371,3.4258065223693848
2026-04-07T10:34:44.771,radio://0/80/2M,range,1,0,Reacquire Wall,0.5559081435203552,0,0,0,0.0,0,0,0.0,0.0,54444,1,-3,4160,0.19728460907936096,0.008837868459522724,0.19999998807907104,0.0,961,760,32766,32766,2371,3.399413585662842
2026-04-07T10:34:45.017,radio://0/80/2M,mission,1,0,Reacquire Wall,0.566375195980072,0,0,0,0.0,0,0,0.0,0.0,54444,1,-3,4160,0.19728460907936096,0.008837868459522724,0.19999998807907104,0.0,961,760,32766,32766,2371,3.399413585662842
2026-04-07T10:34:45.020,radio://0/80/2M,flow,1,0,Reacquire Wall,0.566375195980072,0,0,0,0.0,0,0,0.0,0.0,54694,2,-1,4420,0.21070775389671326,-0.01216194685548544,0.001937779481522739,0.0,961,760,32766,32766,2371,3.399413585662842
2026-04-07T10:34:45.022,radio://0/80/2M,range,1,0,Reacquire Wall,0.566375195980072,0,0,0,0.0,0,0,0.0,0.0,54694,2,-1,4420,0.21070775389671326,-0.01216194685548544,0.001937779481522739,0.0,850,771,32766,32766,2370,3.4258065223693848
2026-04-07T10:34:45.266,radio://0/80/2M,mission,1,0,Reacquire Wall,0.5845057964324951,0,0,0,0.0,0,0,0.0,0.0,54694,2,-1,4420,0.21070775389671326,-0.01216194685548544,0.001937779481522739,0.0,850,771,32766,32766,2370,3.4258065223693848
2026-04-07T10:34:45.269,radio://0/80/2M,flow,1,0,Reacquire Wall,0.5845057964324951,0,0,0,0.0,0,0,0.0,0.0,54944,0,0,4144,0.04553595930337906,-0.04674612358212471,2.598694663902279e-07,0.0,850,771,32766,32766,2370,3.4258065223693848
2026-04-07T10:34:45.270,radio://0/80/2M,range,1,0,Reacquire Wall,0.5845057964324951,0,0,0,0.0,0,0,0.0,0.0,54944,0,0,4144,0.04553595930337906,-0.04674612358212471,2.598694663902279e-07,0.0,796,785,32766,3327,2355,3.436363697052002
2026-04-07T10:34:45.517,radio://0/80/2M,mission,1,0,Reacquire Wall,0.5793002843856812,0,0,0,0.0,0,0,0.0,0.0,54944,0,0,4144,0.04553595930337906,-0.04674612358212471,2.598694663902279e-07,0.0,796,785,32766,3327,2355,3.436363697052002
2026-04-07T10:34:45.520,radio://0/80/2M,flow,1,0,Reacquire Wall,0.5793002843856812,0,0,0,0.0,0,0,0.0,0.0,55194,1,0,4144,-0.01363617368042469,-0.06549425423145294,3.485027197380752e-11,0.0,796,785,32766,3327,2355,3.436363697052002
2026-04-07T10:34:45.521,radio://0/80/2M,range,1,0,Reacquire Wall,0.5793002843856812,0,0,0,0.0,0,0,0.0,0.0,55194,1,0,4144,-0.01363617368042469,-0.06549425423145294,3.485027197380752e-11,0.0,730,809,32766,32766,2349,3.4152493476867676
2026-04-07T10:34:45.765,radio://0/80/2M,mission,1,0,Reacquire Wall,0.5713313221931458,0,0,0,0.0,0,0,0.0,0.0,55194,1,0,4144,-0.01363617368042469,-0.06549425423145294,3.485027197380752e-11,0.0,730,809,32766,32766,2349,3.4152493476867676
2026-04-07T10:34:45.768,radio://0/80/2M,flow,1,0,Reacquire Wall,0.5713313221931458,0,0,0,0.0,0,0,0.0,0.0,55444,0,-2,4144,0.046662915498018265,-0.046149399131536484,4.6736584464720024e-15,0.0,730,809,32766,32766,2349,3.4152493476867676
2026-04-07T10:34:45.769,radio://0/80/2M,range,1,0,Reacquire Wall,0.5713313221931458,0,0,0,0.0,0,0,0.0,0.0,55444,0,-2,4144,0.046662915498018265,-0.046149399131536484,4.6736584464720024e-15,0.0,709,827,32766,32766,2353,3.399413585662842
2026-04-07T10:34:46.016,radio://0/80/2M,mission,1,0,Reacquire Wall,0.5759803056716919,0,0,0,0.0,0,0,0.0,0.0,55444,0,-2,4144,0.046662915498018265,-0.046149399131536484,4.6736584464720024e-15,0.0,709,827,32766,32766,2353,3.399413585662842
2026-04-07T10:34:46.019,radio://0/80/2M,flow,1,0,Reacquire Wall,0.5759803056716919,0,0,0,0.0,0,0,0.0,0.0,55694,0,-2,4144,0.07983552664518356,-0.009019158780574799,-0.00012416293611750007,0.0,709,827,32766,32766,2353,3.399413585662842
2026-04-07T10:34:46.020,radio://0/80/2M,range,1,0,Reacquire Wall,0.5759803056716919,0,0,0,0.0,0,0,0.0,0.0,55694,0,-2,4144,0.07983552664518356,-0.009019158780574799,-0.00012416293611750007,0.0,674,834,32766,32766,2353,3.409970760345459
2026-04-07T10:34:46.265,radio://0/80/2M,mission,1,0,Reacquire Wall,0.5741590261459351,0,0,0,0.0,0,0,0.0,0.0,55694,0,-2,4144,0.07983552664518356,-0.009019158780574799,-0.00012416293611750007,0.0,674,834,32766,32766,2353,3.409970760345459
2026-04-07T10:34:46.268,radio://0/80/2M,flow,1,0,Reacquire Wall,0.5741590261459351,0,0,0,0.0,0,0,0.0,0.0,55944,-1,0,4144,0.032721586525440216,0.015758207067847252,-0.0004057346086483449,0.0,674,834,32766,32766,2353,3.409970760345459
2026-04-07T10:34:46.269,radio://0/80/2M,range,1,0,Reacquire Wall,0.5741590261459351,0,0,0,0.0,0,0,0.0,0.0,55944,-1,0,4144,0.032721586525440216,0.015758207067847252,-0.0004057346086483449,0.0,653,838,32766,32766,2347,3.394134998321533
2026-04-07T10:34:46.516,radio://0/80/2M,mission,1,0,Reacquire Wall,0.5688610076904297,0,0,0,0.0,0,0,0.0,0.0,55944,-1,0,4144,0.032721586525440216,0.015758207067847252,-0.0004057346086483449,0.0,653,838,32766,32766,2347,3.394134998321533
2026-04-07T10:34:46.517,radio://0/80/2M,flow,1,0,Reacquire Wall,0.5688610076904297,0,0,0,0.0,0,0,0.0,0.0,56194,0,0,4144,0.009849905967712402,0.023943094536662102,-0.0008000814123079181,0.0,653,838,32766,32766,2347,3.394134998321533
2026-04-07T10:34:46.519,radio://0/80/2M,range,1,0,Reacquire Wall,0.5688610076904297,0,0,0,0.0,0,0,0.0,0.0,56194,0,0,4144,0.009849905967712402,0.023943094536662102,-0.0008000814123079181,0.0,634,860,32766,32766,2361,3.3782992362976074
2026-04-07T10:34:46.765,radio://0/80/2M,mission,1,0,Reacquire Wall,0.5620490312576294,0,0,0,0.0,0,0,0.0,0.0,56194,0,0,4144,0.009849905967712402,0.023943094536662102,-0.0008000814123079181,0.0,634,860,32766,32766,2361,3.3782992362976074
2026-04-07T10:34:46.768,radio://0/80/2M,flow,1,0,Reacquire Wall,0.5620490312576294,0,0,0,0.0,0,0,0.0,0.0,56444,0,0,4144,0.029259974136948586,-0.02301769144833088,-0.00084930524462834,0.0,634,860,32766,32766,2361,3.3782992362976074
2026-04-07T10:34:46.769,radio://0/80/2M,range,1,0,Reacquire Wall,0.5620490312576294,0,0,0,0.0,0,0,0.0,0.0,56444,0,0,4144,0.029259974136948586,-0.02301769144833088,-0.00084930524462834,0.0,632,883,32766,32766,2361,3.3519062995910645
2026-04-07T10:34:47.015,radio://0/80/2M,mission,1,0,Reacquire Wall,0.5589613318443298,0,0,0,0.0,0,0,0.0,0.0,56444,0,0,4144,0.029259974136948586,-0.02301769144833088,-0.00084930524462834,0.0,632,883,32766,32766,2361,3.3519062995910645
2026-04-07T10:34:47.018,radio://0/80/2M,flow,1,0,Reacquire Wall,0.5589613318443298,0,0,0,0.0,0,0,0.0,0.0,56694,1,0,4144,0.02709214948117733,-0.05587146803736687,-0.0005355911562219262,0.0,632,883,32766,32766,2361,3.3519062995910645
2026-04-07T10:34:47.019,radio://0/80/2M,range,1,0,Reacquire Wall,0.5589613318443298,0,0,0,0.0,0,0,0.0,0.0,56694,1,0,4144,0.02709214948117733,-0.05587146803736687,-0.0005355911562219262,0.0,646,939,32766,1578,2367,3.3624634742736816
2026-04-07T10:34:47.265,radio://0/80/2M,mission,1,0,Reacquire Wall,0.5582253932952881,0,0,0,0.0,0,0,0.0,0.0,56694,1,0,4144,0.02709214948117733,-0.05587146803736687,-0.0005355911562219262,0.0,646,939,32766,1578,2367,3.3624634742736816
2026-04-07T10:34:47.268,radio://0/80/2M,flow,1,0,Reacquire Wall,0.5582253932952881,0,0,0,0.0,0,0,0.0,0.0,56944,0,2,4144,0.019980687648057938,-0.022341949865221977,-0.0003239999641664326,0.0,646,939,32766,1578,2367,3.3624634742736816
2026-04-07T10:34:47.269,radio://0/80/2M,range,1,0,Reacquire Wall,0.5582253932952881,0,0,0,0.0,0,0,0.0,0.0,56944,0,2,4144,0.019980687648057938,-0.022341949865221977,-0.0003239999641664326,0.0,658,989,1303,1585,2375,3.3624634742736816
2026-04-07T10:34:47.515,radio://0/80/2M,mission,1,0,Reacquire Wall,0.5418781638145447,0,0,0,0.0,0,0,0.0,0.0,56944,0,2,4144,0.019980687648057938,-0.022341949865221977,-0.0003239999641664326,0.0,658,989,1303,1585,2375,3.3624634742736816
2026-04-07T10:34:47.518,radio://0/80/2M,flow,1,0,Reacquire Wall,0.5418781638145447,0,0,0,0.0,0,0,0.0,0.0,57194,-1,0,4144,0.031168563291430473,-0.021965814754366875,-2.7782918550656177e-05,0.0,658,989,1303,1585,2375,3.3624634742736816
2026-04-07T10:34:47.519,radio://0/80/2M,range,1,0,Reacquire Wall,0.5418781638145447,0,0,0,0.0,0,0,0.0,0.0,57194,-1,0,4144,0.031168563291430473,-0.021965814754366875,-2.7782918550656177e-05,0.0,703,1044,1122,1411,2384,3.3519062995910645
2026-04-07T10:34:47.765,radio://0/80/2M,mission,1,5,Transition,0.5265363454818726,0,0,0,0.0,0,0,0.0,0.0,57194,-1,0,4144,0.031168563291430473,-0.021965814754366875,-2.7782918550656177e-05,0.0,703,1044,1122,1411,2384,3.3519062995910645
2026-04-07T10:34:47.768,radio://0/80/2M,flow,1,5,Transition,0.5265363454818726,0,0,0,0.0,0,0,0.0,0.0,57444,1,0,4144,0.04913630336523056,-0.07951721549034119,0.01008419506251812,0.0050420998595654964,703,1044,1122,1411,2384,3.3519062995910645
2026-04-07T10:34:47.769,radio://0/80/2M,range,1,5,Transition,0.5265363454818726,0,0,0,0.0,0,0,0.0,0.0,57444,1,0,4144,0.04913630336523056,-0.07951721549034119,0.01008419506251812,0.0050420998595654964,32766,968,1024,1293,2398,3.3360705375671387
2026-04-07T10:34:48.014,radio://0/80/2M,mission,1,5,Transition,0.5154045820236206,0,0,0,0.0,0,0,0.0,0.0,57444,1,0,4144,0.04913630336523056,-0.07951721549034119,0.01008419506251812,0.0050420998595654964,32766,968,1024,1293,2398,3.3360705375671387
2026-04-07T10:34:48.017,radio://0/80/2M,flow,1,5,Transition,0.5154045820236206,0,0,0,0.0,0,0,0.0,0.0,57694,1,-1,4970,0.0026877380441874266,-0.1531960666179657,1.3523590496333782e-06,6.761798658772022e-07,32766,968,1024,1293,2398,3.3360705375671387
2026-04-07T10:34:48.018,radio://0/80/2M,range,1,5,Transition,0.5154045820236206,0,0,0,0.0,0,0,0.0,0.0,57694,1,-1,4970,0.0026877380441874266,-0.1531960666179657,1.3523590496333782e-06,6.761798658772022e-07,32766,869,939,1209,2421,3.3255133628845215
2026-04-07T10:34:48.264,radio://0/80/2M,mission,1,1,Wall Follow,0.5169920921325684,0,0,0,0.0,0,0,0.0,0.0,57694,1,-1,4970,0.0026877380441874266,-0.1531960666179657,1.3523590496333782e-06,6.761798658772022e-07,32766,869,939,1209,2421,3.3255133628845215
2026-04-07T10:34:48.267,radio://0/80/2M,flow,1,1,Wall Follow,0.5169920921325684,0,0,0,0.0,0,0,0.0,0.0,57944,2,1,4970,0.02128228358924389,-0.11435553431510925,0.19977203011512756,0.09988601505756378,32766,869,939,1209,2421,3.3255133628845215
2026-04-07T10:34:48.269,radio://0/80/2M,range,1,1,Wall Follow,0.5169920921325684,0,0,0,0.0,0,0,0.0,0.0,57944,2,1,4970,0.02128228358924389,-0.11435553431510925,0.19977203011512756,0.09988601505756378,32766,837,913,1223,2415,3.33079195022583
2026-04-07T10:34:48.514,radio://0/80/2M,mission,1,1,Wall Follow,0.5222206711769104,0,0,0,0.0,0,0,0.0,0.0,57944,2,1,4970,0.02128228358924389,-0.11435553431510925,0.19977203011512756,0.09988601505756378,32766,837,913,1223,2415,3.33079195022583
2026-04-07T10:34:48.516,radio://0/80/2M,flow,1,1,Wall Follow,0.5222206711769104,0,0,0,0.0,0,0,0.0,0.0,58194,0,-3,4970,0.17158344388008118,-0.08883468806743622,0.19999997317790985,0.06999998539686203,32766,837,913,1223,2415,3.33079195022583
2026-04-07T10:34:48.517,radio://0/80/2M,range,1,1,Wall Follow,0.5222206711769104,0,0,0,0.0,0,0,0.0,0.0,58194,0,-3,4970,0.17158344388008118,-0.08883468806743622,0.19999997317790985,0.06999998539686203,32766,789,906,1223,2416,3.3360705375671387
2026-04-07T10:34:48.763,radio://0/80/2M,mission,1,1,Wall Follow,0.5353265404701233,0,0,0,0.0,0,0,0.0,0.0,58194,0,-3,4970,0.17158344388008118,-0.08883468806743622,0.19999997317790985,0.06999998539686203,32766,789,906,1223,2416,3.3360705375671387
2026-04-07T10:34:48.767,radio://0/80/2M,flow,1,1,Wall Follow,0.5353265404701233,0,0,0,0.0,0,0,0.0,0.0,58444,-1,-3,5960,0.19200576841831207,-0.08265119791030884,0.19999998807907104,9.387475074618123e-06,32766,789,906,1223,2416,3.3360705375671387
2026-04-07T10:34:48.768,radio://0/80/2M,range,1,1,Wall Follow,0.5353265404701233,0,0,0,0.0,0,0,0.0,0.0,58444,-1,-3,5960,0.19200576841831207,-0.08265119791030884,0.19999998807907104,9.387475074618123e-06,32766,739,924,1228,2400,3.3413491249084473
2026-04-07T10:34:49.013,radio://0/80/2M,mission,1,1,Wall Follow,0.5469855070114136,0,0,0,0.0,0,0,0.0,0.0,58444,-1,-3,5960,0.19200576841831207,-0.08265119791030884,0.19999998807907104,9.387475074618123e-06,32766,739,924,1228,2400,3.3413491249084473
2026-04-07T10:34:49.016,radio://0/80/2M,flow,1,1,Wall Follow,0.5469855070114136,0,0,0,0.0,0,0,0.0,0.0,58694,2,-1,6727,0.12911482155323029,-0.09442346543073654,0.19999998807907104,1.258924631208913e-09,32766,739,924,1228,2400,3.3413491249084473
2026-04-07T10:34:49.017,radio://0/80/2M,range,1,1,Wall Follow,0.5469855070114136,0,0,0,0.0,0,0,0.0,0.0,58694,2,-1,6727,0.12911482155323029,-0.09442346543073654,0.19999998807907104,1.258924631208913e-09,32766,674,946,1231,2381,3.3519062995910645
2026-04-07T10:34:49.264,radio://0/80/2M,mission,1,1,Wall Follow,0.5583473443984985,0,0,0,0.0,0,0,0.0,0.0,58694,2,-1,6727,0.12911482155323029,-0.09442346543073654,0.19999998807907104,1.258924631208913e-09,32766,674,946,1231,2381,3.3519062995910645
2026-04-07T10:34:49.265,radio://0/80/2M,flow,1,1,Wall Follow,0.5583473443984985,0,0,0,0.0,0,0,0.0,0.0,58944,0,0,6727,0.0896756649017334,-0.06800679862499237,0.19999998807907104,1.688303766537655e-13,32766,674,946,1231,2381,3.3519062995910645
2026-04-07T10:34:49.267,radio://0/80/2M,range,1,1,Wall Follow,0.5583473443984985,0,0,0,0.0,0,0,0.0,0.0,58944,0,0,6727,0.0896756649017334,-0.06800679862499237,0.19999998807907104,1.688303766537655e-13,32766,652,950,1241,2380,3.3519062995910645
2026-04-07T10:34:49.514,radio://0/80/2M,mission,1,1,Wall Follow,0.5623233318328857,0,0,0,0.0,0,0,0.0,0.0,58944,0,0,6727,0.0896756649017334,-0.06800679862499237,0.19999998807907104,1.688303766537655e-13,32766,652,950,1241,2380,3.3519062995910645
2026-04-07T10:34:49.516,radio://0/80/2M,flow,1,1,Wall Follow,0.5623233318328857,0,0,0,0.0,0,0,0.0,0.0,59194,0,0,6727,0.08392348140478134,-0.06111113354563713,0.19999998807907104,2.264130483103198e-17,32766,652,950,1241,2380,3.3519062995910645
2026-04-07T10:34:49.517,radio://0/80/2M,range,1,1,Wall Follow,0.5623233318328857,0,0,0,0.0,0,0,0.0,0.0,59194,0,0,6727,0.08392348140478134,-0.06111113354563713,0.19999998807907104,2.264130483103198e-17,32766,632,947,1249,2365,3.357184886932373
2026-04-07T10:34:49.763,radio://0/80/2M,mission,1,1,Wall Follow,0.560365617275238,0,0,0,0.0,0,0,0.0,0.0,59194,0,0,6727,0.08392348140478134,-0.06111113354563713,0.19999998807907104,2.264130483103198e-17,32766,632,947,1249,2365,3.357184886932373
2026-04-07T10:34:49.765,radio://0/80/2M,flow,1,1,Wall Follow,0.560365617275238,0,0,0,0.0,0,0,0.0,0.0,59444,-1,1,6727,0.12093909084796906,-0.04675176739692688,0.19999998807907104,3.0363532406382444e-21,32766,632,947,1249,2365,3.357184886932373
2026-04-07T10:34:49.767,radio://0/80/2M,range,1,1,Wall Follow,0.560365617275238,0,0,0,0.0,0,0,0.0,0.0,59444,-1,1,6727,0.12093909084796906,-0.04675176739692688,0.19999998807907104,3.0363532406382444e-21,32766,619,953,1248,2365,3.346627712249756
2026-04-07T10:34:50.015,radio://0/80/2M,mission,1,1,Wall Follow,0.552973747253418,0,0,0,0.0,0,0,0.0,0.0,59444,-1,1,6727,0.12093909084796906,-0.04675176739692688,0.19999998807907104,3.0363532406382444e-21,32766,619,953,1248,2365,3.346627712249756
2026-04-07T10:34:50.018,radio://0/80/2M,flow,1,1,Wall Follow,0.552973747253418,0,0,0,0.0,0,0,0.0,0.0,59694,-6,0,6727,0.0887882262468338,-0.059975698590278625,0.19999998807907104,-0.09802267700433731,32766,619,953,1248,2365,3.346627712249756
2026-04-07T10:34:50.020,radio://0/80/2M,range,1,1,Wall Follow,0.552973747253418,0,0,0,0.0,0,0,0.0,0.0,59694,-6,0,6727,0.0887882262468338,-0.059975698590278625,0.19999998807907104,-0.09802267700433731,32766,584,976,1255,2374,3.346627712249756
2026-04-07T10:34:50.262,radio://0/80/2M,mission,1,1,Wall Follow,0.544397234916687,0,0,0,0.0,0,0,0.0,0.0,59694,-6,0,6727,0.0887882262468338,-0.059975698590278625,0.19999998807907104,-0.09802267700433731,32766,584,976,1255,2374,3.346627712249756
2026-04-07T10:34:50.265,radio://0/80/2M,flow,1,1,Wall Follow,0.544397234916687,0,0,0,0.0,0,0,0.0,0.0,59944,-1,-1,6727,0.09522747248411179,-0.13570542633533478,0.19999998807907104,-0.09999973326921463,32766,584,976,1255,2374,3.346627712249756
2026-04-07T10:34:50.266,radio://0/80/2M,range,1,1,Wall Follow,0.544397234916687,0,0,0,0.0,0,0,0.0,0.0,59944,-1,-1,6727,0.09522747248411179,-0.13570542633533478,0.19999998807907104,-0.09999973326921463,32766,571,1005,1274,2377,3.33079195022583
2026-04-07T10:34:50.513,radio://0/80/2M,mission,1,1,Wall Follow,0.5383254289627075,0,0,0,0.0,0,0,0.0,0.0,59944,-1,-1,6727,0.09522747248411179,-0.13570542633533478,0.19999998807907104,-0.09999973326921463,32766,571,1005,1274,2377,3.33079195022583
2026-04-07T10:34:50.515,radio://0/80/2M,flow,1,1,Wall Follow,0.5383254289627075,0,0,0,0.0,0,0,0.0,0.0,60194,5,-3,6727,0.05181301757693291,-0.2399393767118454,0.19999998807907104,-0.09999999403953552,32766,571,1005,1274,2377,3.33079195022583
2026-04-07T10:34:50.516,radio://0/80/2M,range,1,1,Wall Follow,0.5383254289627075,0,0,0,0.0,0,0,0.0,0.0,60194,5,-3,6727,0.05181301757693291,-0.2399393767118454,0.19999998807907104,-0.09999999403953552,32766,539,1044,1347,2392,3.33079195022583
2026-04-07T10:34:50.762,radio://0/80/2M,mission,1,1,Wall Follow,0.5327191948890686,0,0,0,0.0,0,0,0.0,0.0,60194,5,-3,6727,0.05181301757693291,-0.2399393767118454,0.19999998807907104,-0.09999999403953552,32766,539,1044,1347,2392,3.33079195022583
2026-04-07T10:34:50.765,radio://0/80/2M,flow,1,1,Wall Follow,0.5327191948890686,0,0,0,0.0,0,0,0.0,0.0,60444,-6,7,6727,0.03808104619383812,-0.13856610655784607,0.19999998807907104,-0.09999999403953552,32766,539,1044,1347,2392,3.33079195022583
2026-04-07T10:34:50.766,radio://0/80/2M,range,1,1,Wall Follow,0.5327191948890686,0,0,0,0.0,0,0,0.0,0.0,60444,-6,7,6727,0.03808104619383812,-0.13856610655784607,0.19999998807907104,-0.09999999403953552,32766,520,1058,1395,2392,3.33079195022583
2026-04-07T10:34:51.011,radio://0/80/2M,mission,1,1,Wall Follow,0.5270807147026062,0,0,0,0.0,0,0,0.0,0.0,60444,-6,7,6727,0.03808104619383812,-0.13856610655784607,0.19999998807907104,-0.09999999403953552,32766,520,1058,1395,2392,3.33079195022583
2026-04-07T10:34:51.014,radio://0/80/2M,flow,1,1,Wall Follow,0.5270807147026062,0,0,0,0.0,0,0,0.0,0.0,60694,0,2,6727,0.05802318826317787,-0.1337529569864273,0.19999998807907104,-0.09999999403953552,32766,520,1058,1395,2392,3.33079195022583
2026-04-07T10:34:51.015,radio://0/80/2M,range,1,1,Wall Follow,0.5270807147026062,0,0,0,0.0,0,0,0.0,0.0,60694,0,2,6727,0.05802318826317787,-0.1337529569864273,0.19999998807907104,-0.09999999403953552,32766,496,1076,1464,2408,3.320234775543213
2026-04-07T10:34:51.262,radio://0/80/2M,mission,1,1,Wall Follow,0.5250905752182007,0,0,0,0.0,0,0,0.0,0.0,60694,0,2,6727,0.05802318826317787,-0.1337529569864273,0.19999998807907104,-0.09999999403953552,32766,496,1076,1464,2408,3.320234775543213
2026-04-07T10:34:51.265,radio://0/80/2M,flow,1,1,Wall Follow,0.5250905752182007,0,0,0,0.0,0,0,0.0,0.0,60944,0,-3,6727,0.09266725182533264,-0.18018874526023865,0.19999998807907104,-0.09999999403953552,32766,496,1076,1464,2408,3.320234775543213
2026-04-07T10:34:51.266,radio://0/80/2M,range,1,1,Wall Follow,0.5250905752182007,0,0,0,0.0,0,0,0.0,0.0,60944,0,-3,6727,0.09266725182533264,-0.18018874526023865,0.19999998807907104,-0.09999999403953552,32766,465,1086,1518,2407,3.320234775543213
2026-04-07T10:34:51.512,radio://0/80/2M,mission,1,1,Wall Follow,0.5335087776184082,0,0,0,0.0,0,0,0.0,0.0,60944,0,-3,6727,0.09266725182533264,-0.18018874526023865,0.19999998807907104,-0.09999999403953552,32766,465,1086,1518,2407,3.320234775543213
2026-04-07T10:34:51.514,radio://0/80/2M,flow,1,1,Wall Follow,0.5335087776184082,0,0,0,0.0,0,0,0.0,0.0,61194,5,-9,6307,0.05275748297572136,-0.22196130454540253,0.19999998807907104,-0.09999999403953552,32766,465,1086,1518,2407,3.320234775543213
2026-04-07T10:34:51.515,radio://0/80/2M,range,1,1,Wall Follow,0.5335087776184082,0,0,0,0.0,0,0,0.0,0.0,61194,5,-9,6307,0.05275748297572136,-0.22196130454540253,0.19999998807907104,-0.09999999403953552,32766,427,1095,1578,2406,3.3413491249084473
2026-04-07T10:34:51.761,radio://0/80/2M,mission,1,1,Wall Follow,0.5349764227867126,0,0,0,0.0,0,0,0.0,0.0,61194,5,-9,6307,0.05275748297572136,-0.22196130454540253,0.19999998807907104,-0.09999999403953552,32766,427,1095,1578,2406,3.3413491249084473
2026-04-07T10:34:51.764,radio://0/80/2M,flow,1,1,Wall Follow,0.5349764227867126,0,0,0,0.0,0,0,0.0,0.0,61444,-2,0,6307,0.01507407333701849,-0.1450057029724121,0.19999998807907104,-0.09999999403953552,32766,427,1095,1578,2406,3.3413491249084473
2026-04-07T10:34:51.765,radio://0/80/2M,range,1,1,Wall Follow,0.5349764227867126,0,0,0,0.0,0,0,0.0,0.0,61444,-2,0,6307,0.01507407333701849,-0.1450057029724121,0.19999998807907104,-0.09999999403953552,32766,414,1106,1625,2404,3.33079195022583
2026-04-07T10:34:52.012,radio://0/80/2M,mission,1,1,Wall Follow,0.5300829410552979,0,0,0,0.0,0,0,0.0,0.0,61444,-2,0,6307,0.01507407333701849,-0.1450057029724121,0.19999998807907104,-0.09999999403953552,32766,414,1106,1625,2404,3.33079195022583
2026-04-07T10:34:52.014,radio://0/80/2M,flow,1,1,Wall Follow,0.5300829410552979,0,0,0,0.0,0,0,0.0,0.0,61694,0,1,6307,-0.003110058605670929,-0.15312258899211884,0.19999998807907104,-0.09999999403953552,32766,414,1106,1625,2404,3.33079195022583
2026-04-07T10:34:52.015,radio://0/80/2M,range,1,1,Wall Follow,0.5300829410552979,0,0,0,0.0,0,0,0.0,0.0,61694,0,1,6307,-0.003110058605670929,-0.15312258899211884,0.19999998807907104,-0.09999999403953552,32766,428,1108,1731,2395,3.320234775543213
2026-04-07T10:34:52.262,radio://0/80/2M,mission,1,1,Wall Follow,0.5272249579429626,0,0,0,0.0,0,0,0.0,0.0,61694,0,1,6307,-0.003110058605670929,-0.15312258899211884,0.19999998807907104,-0.09999999403953552,32766,428,1108,1731,2395,3.320234775543213
2026-04-07T10:34:52.264,radio://0/80/2M,flow,1,1,Wall Follow,0.5272249579429626,0,0,0,0.0,0,0,0.0,0.0,61944,0,-1,6307,0.027114704251289368,-0.1747560352087021,0.19999998807907104,-0.09999999403953552,32766,428,1108,1731,2395,3.320234775543213
2026-04-07T10:34:52.266,radio://0/80/2M,range,1,1,Wall Follow,0.5272249579429626,0,0,0,0.0,0,0,0.0,0.0,61944,0,-1,6307,0.027114704251289368,-0.1747560352087021,0.19999998807907104,-0.09999999403953552,32766,419,1093,1728,2400,3.3255133628845215
2026-04-07T10:34:52.511,radio://0/80/2M,mission,1,1,Wall Follow,0.5310645699501038,0,0,0,0.0,0,0,0.0,0.0,61944,0,-1,6307,0.027114704251289368,-0.1747560352087021,0.19999998807907104,-0.09999999403953552,32766,419,1093,1728,2400,3.3255133628845215
2026-04-07T10:34:52.513,radio://0/80/2M,flow,1,1,Wall Follow,0.5310645699501038,0,0,0,0.0,0,0,0.0,0.0,62194,0,0,6307,-0.014894168823957443,-0.07496394217014313,0.19999998807907104,-0.09999999403953552,32766,419,1093,1728,2400,3.3255133628845215
2026-04-07T10:34:52.514,radio://0/80/2M,range,1,1,Wall Follow,0.5310645699501038,0,0,0,0.0,0,0,0.0,0.0,62194,0,0,6307,-0.014894168823957443,-0.07496394217014313,0.19999998807907104,-0.09999999403953552,32766,403,1095,1742,2395,3.3255133628845215
2026-04-07T10:34:52.760,radio://0/80/2M,mission,1,1,Wall Follow,0.5378648042678833,0,0,0,0.0,0,0,0.0,0.0,62194,0,0,6307,-0.014894168823957443,-0.07496394217014313,0.19999998807907104,-0.09999999403953552,32766,403,1095,1742,2395,3.3255133628845215
2026-04-07T10:34:52.763,radio://0/80/2M,flow,1,1,Wall Follow,0.5378648042678833,0,0,0,0.0,0,0,0.0,0.0,62444,5,-2,6307,0.04468508064746857,-0.07071767747402191,0.19999998807907104,-0.09999999403953552,32766,403,1095,1742,2395,3.3255133628845215
2026-04-07T10:34:52.764,radio://0/80/2M,range,1,1,Wall Follow,0.5378648042678833,0,0,0,0.0,0,0,0.0,0.0,62444,5,-2,6307,0.04468508064746857,-0.07071767747402191,0.19999998807907104,-0.09999999403953552,32766,360,1096,1724,2396,3.3360705375671387
2026-04-07T10:34:53.011,radio://0/80/2M,mission,1,1,Wall Follow,0.5305430293083191,0,0,0,0.0,0,0,0.0,0.0,62444,5,-2,6307,0.04468508064746857,-0.07071767747402191,0.19999998807907104,-0.09999999403953552,32766,360,1096,1724,2396,3.3360705375671387
2026-04-07T10:34:53.013,radio://0/80/2M,flow,1,1,Wall Follow,0.5305430293083191,0,0,0,0.0,0,0,0.0,0.0,62694,0,0,6307,0.10389071702957153,-0.1444561630487442,0.19999998807907104,-0.09999999403953552,32766,360,1096,1724,2396,3.3360705375671387
2026-04-07T10:34:53.014,radio://0/80/2M,range,1,1,Wall Follow,0.5305430293083191,0,0,0,0.0,0,0,0.0,0.0,62694,0,0,6307,0.10389071702957153,-0.1444561630487442,0.19999998807907104,-0.09999999403953552,32766,317,1136,1760,2395,3.314955949783325
2026-04-07T10:34:53.260,radio://0/80/2M,mission,1,1,Wall Follow,0.5253641605377197,0,0,0,0.0,0,0,0.0,0.0,62694,0,0,6307,0.10389071702957153,-0.1444561630487442,0.19999998807907104,-0.09999999403953552,32766,317,1136,1760,2395,3.314955949783325
2026-04-07T10:34:53.262,radio://0/80/2M,flow,1,1,Wall Follow,0.5253641605377197,0,0,0,0.0,0,0,0.0,0.0,62944,-2,-1,5913,0.09605224430561066,-0.19880060851573944,0.19999998807907104,-0.09999999403953552,32766,317,1136,1760,2395,3.314955949783325
2026-04-07T10:34:53.264,radio://0/80/2M,range,1,1,Wall Follow,0.5253641605377197,0,0,0,0.0,0,0,0.0,0.0,62944,-2,-1,5913,0.09605224430561066,-0.19880060851573944,0.19999998807907104,-0.09999999403953552,32766,270,1151,1772,2405,3.33079195022583
2026-04-07T10:34:53.510,radio://0/80/2M,mission,1,1,Wall Follow,0.5198150277137756,0,0,0,0.0,0,0,0.0,0.0,62944,-2,-1,5913,0.09605224430561066,-0.19880060851573944,0.19999998807907104,-0.09999999403953552,32766,270,1151,1772,2405,3.33079195022583
2026-04-07T10:34:53.513,radio://0/80/2M,flow,1,1,Wall Follow,0.5198150277137756,0,0,0,0.0,0,0,0.0,0.0,63194,0,0,5913,-0.012564850971102715,-0.0990137979388237,0.19999998807907104,-0.09999999403953552,32766,270,1151,1772,2405,3.33079195022583
2026-04-07T10:34:53.514,radio://0/80/2M,range,1,1,Wall Follow,0.5198150277137756,0,0,0,0.0,0,0,0.0,0.0,63194,0,0,5913,-0.012564850971102715,-0.0990137979388237,0.19999998807907104,-0.09999999403953552,32766,245,1164,1819,2409,3.320234775543213
2026-04-07T10:34:53.762,radio://0/80/2M,mission,1,1,Wall Follow,0.5102750658988953,0,0,0,0.0,0,0,0.0,0.0,63194,0,0,5913,-0.012564850971102715,-0.0990137979388237,0.19999998807907104,-0.09999999403953552,32766,245,1164,1819,2409,3.320234775543213
2026-04-07T10:34:53.763,radio://0/80/2M,flow,1,1,Wall Follow,0.5102750658988953,0,0,0,0.0,0,0,0.0,0.0,63444,17,0,5913,-0.17488503456115723,-0.14573445916175842,0.19999998807907104,-0.09999999403953552,32766,245,1164,1819,2409,3.320234775543213
2026-04-07T10:34:53.764,radio://0/80/2M,range,1,1,Wall Follow,0.5102750658988953,0,0,0,0.0,0,0,0.0,0.0,63444,17,0,5913,-0.17488503456115723,-0.14573445916175842,0.19999998807907104,-0.09999999403953552,32766,256,1181,1834,2411,3.304398775100708
2026-04-07T10:34:54.010,radio://0/80/2M,mission,1,1,Wall Follow,0.5094897150993347,0,0,0,0.0,0,0,0.0,0.0,63444,17,0,5913,-0.17488503456115723,-0.14573445916175842,0.19999998807907104,-0.09999999403953552,32766,256,1181,1834,2411,3.304398775100708
2026-04-07T10:34:54.013,radio://0/80/2M,flow,1,1,Wall Follow,0.5094897150993347,0,0,0,0.0,0,0,0.0,0.0,63694,0,-1,5913,-0.05983978137373924,-0.07395728677511215,0.19999998807907104,-0.09999999403953552,32766,256,1181,1834,2411,3.304398775100708
2026-04-07T10:34:54.014,radio://0/80/2M,range,1,1,Wall Follow,0.5094897150993347,0,0,0,0.0,0,0,0.0,0.0,63694,0,-1,5913,-0.05983978137373924,-0.07395728677511215,0.19999998807907104,-0.09999999403953552,32766,262,1248,32766,2431,3.314955949783325
2026-04-07T10:34:54.259,radio://0/80/2M,mission,1,1,Wall Follow,0.5113278031349182,0,0,0,0.0,0,0,0.0,0.0,63694,0,-1,5913,-0.05983978137373924,-0.07395728677511215,0.19999998807907104,-0.09999999403953552,32766,262,1248,32766,2431,3.314955949783325
2026-04-07T10:34:54.262,radio://0/80/2M,flow,1,1,Wall Follow,0.5113278031349182,0,0,0,0.0,0,0,0.0,0.0,63944,15,-15,5913,-0.02727082557976246,-0.19052362442016602,0.19999998807907104,-0.09999999403953552,32766,262,1248,32766,2431,3.314955949783325
2026-04-07T10:34:54.263,radio://0/80/2M,range,1,1,Wall Follow,0.5113278031349182,0,0,0,0.0,0,0,0.0,0.0,63944,15,-15,5913,-0.02727082557976246,-0.19052362442016602,0.19999998807907104,-0.09999999403953552,32766,271,1290,1365,2418,3.3096773624420166
2026-04-07T10:34:54.509,radio://0/80/2M,mission,1,1,Wall Follow,0.5029059648513794,0,0,0,0.0,0,0,0.0,0.0,63944,15,-15,5913,-0.02727082557976246,-0.19052362442016602,0.19999998807907104,-0.09999999403953552,32766,271,1290,1365,2418,3.3096773624420166
2026-04-07T10:34:54.511,radio://0/80/2M,flow,1,1,Wall Follow,0.5029059648513794,0,0,0,0.0,0,0,0.0,0.0,64194,-2,9,5913,0.03179769217967987,-0.19391635060310364,0.003954652231186628,-0.001977326115593314,32766,271,1290,1365,2418,3.3096773624420166
2026-04-07T10:34:54.513,radio://0/80/2M,range,1,1,Wall Follow,0.5029059648513794,0,0,0,0.0,0,0,0.0,0.0,64194,-2,9,5913,0.03179769217967987,-0.19391635060310364,0.003954652231186628,-0.001977326115593314,32766,32766,32766,32766,2413,3.293841600418091
2026-04-07T10:34:54.759,radio://0/80/2M,mission,1,1,Wall Follow,0.4972227215766907,0,0,0,0.0,0,0,0.0,0.0,64194,-2,9,5913,0.03179769217967987,-0.19391635060310364,0.003954652231186628,-0.001977326115593314,32766,32766,32766,32766,2413,3.293841600418091
2026-04-07T10:34:54.762,radio://0/80/2M,flow,1,1,Wall Follow,0.4972227215766907,0,0,0,0.0,0,0,0.0,0.0,64444,5,-6,5913,0.03244408965110779,-0.1459658145904541,5.303458578964637e-07,-2.6517292894823186e-07,32766,32766,32766,32766,2413,3.293841600418091
2026-04-07T10:34:54.763,radio://0/80/2M,range,1,1,Wall Follow,0.4972227215766907,0,0,0,0.0,0,0,0.0,0.0,64444,5,-6,5913,0.03244408965110779,-0.1459658145904541,5.303458578964637e-07,-2.6517292894823186e-07,32766,32766,32766,32766,2423,3.293841600418091
2026-04-07T10:34:55.009,radio://0/80/2M,mission,1,1,Wall Follow,0.4880541265010834,0,0,0,0.0,0,0,0.0,0.0,64444,5,-6,5913,0.03244408965110779,-0.1459658145904541,5.303458578964637e-07,-2.6517292894823186e-07,32766,32766,32766,32766,2423,3.293841600418091
2026-04-07T10:34:55.012,radio://0/80/2M,flow,1,1,Wall Follow,0.4880541265010834,0,0,0,0.0,0,0,0.0,0.0,64694,1,-1,5913,0.025072159245610237,-0.045257098972797394,7.112300332012822e-11,-3.556150166006411e-11,32766,32766,32766,32766,2423,3.293841600418091
2026-04-07T10:34:55.013,radio://0/80/2M,range,1,1,Wall Follow,0.4880541265010834,0,0,0,0.0,0,0,0.0,0.0,64694,1,-1,5913,0.025072159245610237,-0.045257098972797394,7.112300332012822e-11,-3.556150166006411e-11,32766,32766,32766,32766,2436,3.2727272510528564
2026-04-07T10:34:55.258,radio://0/80/2M,mission,1,1,Wall Follow,0.48140189051628113,0,0,0,0.0,0,0,0.0,0.0,64694,1,-1,5913,0.025072159245610237,-0.045257098972797394,7.112300332012822e-11,-3.556150166006411e-11,32766,32766,32766,32766,2436,3.2727272510528564
2026-04-07T10:34:55.261,radio://0/80/2M,flow,1,1,Wall Follow,0.48140189051628113,0,0,0,0.0,0,0,0.0,0.0,64944,0,0,5913,0.02066376432776451,-0.03708720579743385,9.53807887706104e-15,-4.76903943853052e-15,32766,32766,32766,32766,2436,3.2727272510528564
2026-04-07T10:34:55.262,radio://0/80/2M,range,1,1,Wall Follow,0.48140189051628113,0,0,0,0.0,0,0,0.0,0.0,64944,0,0,5913,0.02066376432776451,-0.03708720579743385,9.53807887706104e-15,-4.76903943853052e-15,32766,32766,32766,1243,2439,3.2727272510528564
2026-04-07T10:34:55.508,radio://0/80/2M,mission,1,1,Wall Follow,0.4865458607673645,0,0,0,0.0,0,0,0.0,0.0,64944,0,0,5913,0.02066376432776451,-0.03708720579743385,9.53807887706104e-15,-4.76903943853052e-15,32766,32766,32766,1243,2439,3.2727272510528564
2026-04-07T10:34:55.511,radio://0/80/2M,flow,1,1,Wall Follow,0.4865458607673645,0,0,0,0.0,0,0,0.0,0.0,65194,1,2,5913,0.05720273405313492,-0.07953304797410965,0.19988830387592316,-0.0012809813488274813,32766,32766,32766,1243,2439,3.2727272510528564
2026-04-07T10:34:55.512,radio://0/80/2M,range,1,1,Wall Follow,0.4865458607673645,0,0,0,0.0,0,0,0.0,0.0,65194,1,2,5913,0.05720273405313492,-0.07953304797410965,0.19988830387592316,-0.0012809813488274813,2477,642,520,1235,2432,3.293841600418091
2026-04-07T10:34:55.759,radio://0/80/2M,mission,1,1,Wall Follow,0.49102938175201416,0,0,0,0.0,0,0,0.0,0.0,65194,1,2,5913,0.05720273405313492,-0.07953304797410965,0.19988830387592316,-0.0012809813488274813,2477,642,520,1235,2432,3.293841600418091
2026-04-07T10:34:55.761,radio://0/80/2M,flow,1,1,Wall Follow,0.49102938175201416,0,0,0,0.0,0,0,0.0,0.0,65444,8,1,5913,0.10163434594869614,-0.04774019494652748,0.12277612835168839,0.04488512873649597,2477,642,520,1235,2432,3.293841600418091
2026-04-07T10:34:55.762,radio://0/80/2M,range,1,1,Wall Follow,0.49102938175201416,0,0,0,0.0,0,0,0.0,0.0,65444,8,1,5913,0.10163434594869614,-0.04774019494652748,0.12277612835168839,0.04488512873649597,32766,690,424,1234,2427,3.278005838394165
2026-04-07T10:34:56.009,radio://0/80/2M,mission,1,1,Wall Follow,0.4874270260334015,0,0,0,0.0,0,0,0.0,0.0,65444,8,1,5913,0.10163434594869614,-0.04774019494652748,0.12277612835168839,0.04488512873649597,32766,690,424,1234,2427,3.278005838394165
2026-04-07T10:34:56.010,radio://0/80/2M,flow,1,1,Wall Follow,0.4874270260334015,0,0,0,0.0,0,0,0.0,0.0,65694,3,0,5913,0.1325744241476059,-0.09504047781229019,0.09154750406742096,0.08851634711027145,32766,690,424,1234,2427,3.278005838394165
2026-04-07T10:34:56.011,radio://0/80/2M,range,1,1,Wall Follow,0.4874270260334015,0,0,0,0.0,0,0,0.0,0.0,65694,3,0,5913,0.1325744241476059,-0.09504047781229019,0.09154750406742096,0.08851634711027145,32766,788,288,1257,2424,3.2621700763702393
2026-04-07T10:34:56.258,radio://0/80/2M,mission,1,1,Wall Follow,0.49403220415115356,0,0,0,0.0,0,0,0.0,0.0,65694,3,0,5913,0.1325744241476059,-0.09504047781229019,0.09154750406742096,0.08851634711027145,32766,788,288,1257,2424,3.2621700763702393
2026-04-07T10:34:56.261,radio://0/80/2M,flow,1,1,Wall Follow,0.49403220415115356,0,0,0,0.0,0,0,0.0,0.0,65944,4,-5,5913,0.1963576376438141,-0.12138282507658005,0.06422952562570572,0.15967819094657898,32766,788,288,1257,2424,3.2621700763702393
2026-04-07T10:34:56.262,radio://0/80/2M,range,1,1,Wall Follow,0.49403220415115356,0,0,0,0.0,0,0,0.0,0.0,65944,4,-5,5913,0.1963576376438141,-0.12138282507658005,0.06422952562570572,0.15967819094657898,32766,864,220,1303,2428,3.267448663711548
2026-04-07T10:34:56.507,radio://0/80/2M,mission,1,1,Wall Follow,0.4971235394477844,0,0,0,0.0,0,0,0.0,0.0,65944,4,-5,5913,0.1963576376438141,-0.12138282507658005,0.06422952562570572,0.15967819094657898,32766,864,220,1303,2428,3.267448663711548
2026-04-07T10:34:56.511,radio://0/80/2M,flow,1,1,Wall Follow,0.4971235394477844,0,0,0,0.0,0,0,0.0,0.0,66194,-3,-3,4874,0.13625892996788025,0.12999528646469116,0.03511597588658333,0.21565930545330048,32766,864,220,1303,2428,3.267448663711548
2026-04-07T10:34:56.512,radio://0/80/2M,range,1,1,Wall Follow,0.4971235394477844,0,0,0,0.0,0,0,0.0,0.0,66194,-3,-3,4874,0.13625892996788025,0.12999528646469116,0.03511597588658333,0.21565930545330048,32766,931,111,1394,2465,3.2832844257354736
2026-04-07T10:34:56.758,radio://0/80/2M,mission,1,1,Wall Follow,0.49921417236328125,0,0,0,0.0,0,0,0.0,0.0,66194,-3,-3,4874,0.13625892996788025,0.12999528646469116,0.03511597588658333,0.21565930545330048,32766,931,111,1394,2465,3.2832844257354736
2026-04-07T10:34:56.760,radio://0/80/2M,flow,1,1,Wall Follow,0.49921417236328125,0,0,0,0.0,0,0,0.0,0.0,66444,0,-2,4874,0.13705025613307953,0.17234256863594055,-0.03415922820568085,0.06568237394094467,32766,931,111,1394,2465,3.2832844257354736
2026-04-07T10:34:56.761,radio://0/80/2M,range,1,1,Wall Follow,0.49921417236328125,0,0,0,0.0,0,0,0.0,0.0,66444,0,-2,4874,0.13705025613307953,0.17234256863594055,-0.03415922820568085,0.06568237394094467,389,918,102,1427,2416,3.293841600418091
2026-04-07T10:34:57.020,radio://0/80/2M,mission,1,1,Wall Follow,0.4581189453601837,0,0,0,0.0,0,0,0.0,0.0,66444,0,-2,4874,0.13705025613307953,0.17234256863594055,-0.03415922820568085,0.06568237394094467,389,918,102,1427,2416,3.293841600418091
2026-04-07T10:34:57.021,radio://0/80/2M,flow,1,1,Wall Follow,0.4581189453601837,0,0,0,0.0,0,0,0.0,0.0,66694,1,-3,4874,0.2359284907579422,-0.007334473542869091,-9.348949788545724e-06,0.22281266748905182,389,918,102,1427,2416,3.293841600418091
2026-04-07T10:34:57.024,radio://0/80/2M,range,1,1,Wall Follow,0.4581189453601837,0,0,0,0.0,0,0,0.0,0.0,66694,1,-3,4874,0.2359284907579422,-0.007334473542869091,-9.348949788545724e-06,0.22281266748905182,1935,32766,98,1390,2352,3.2568914890289307
2026-04-07T10:34:57.257,radio://0/80/2M,mission,1,1,Wall Follow,0.3702230453491211,0,0,0,0.0,0,0,0.0,0.0,66694,1,-3,4874,0.2359284907579422,-0.007334473542869091,-9.348949788545724e-06,0.22281266748905182,1935,32766,98,1390,2352,3.2568914890289307
2026-04-07T10:34:57.260,radio://0/80/2M,flow,1,1,Wall Follow,0.3702230453491211,0,0,0,0.0,0,0,0.0,0.0,66944,0,6,4874,0.541179358959198,0.05860079452395439,-1.25375776427461e-09,0.24564024806022644,1935,32766,98,1390,2352,3.2568914890289307
2026-04-07T10:34:57.261,radio://0/80/2M,range,1,1,Wall Follow,0.3702230453491211,0,0,0,0.0,0,0,0.0,0.0,66944,0,6,4874,0.541179358959198,0.05860079452395439,-1.25375776427461e-09,0.24564024806022644,1851,32766,64,32766,2514,3.2991201877593994
2026-04-07T10:34:57.507,radio://0/80/2M,mission,1,1,Wall Follow,0.18208865821361542,0,0,0,0.0,0,0,0.0,0.0,66944,0,6,4874,0.541179358959198,0.05860079452395439,-1.25375776427461e-09,0.24564024806022644,1851,32766,64,32766,2514,3.2991201877593994
2026-04-07T10:34:57.510,radio://0/80/2M,flow,1,1,Wall Follow,0.18208865821361542,0,0,0,0.0,0,0,0.0,0.0,67194,-6,1,4874,2.039311647415161,0.5775856971740723,-0.0522499643266201,0.07712523639202118,1851,32766,64,32766,2514,3.2991201877593994
2026-04-07T10:34:57.511,radio://0/80/2M,range,1,1,Wall Follow,0.18208865821361542,0,0,0,0.0,0,0,0.0,0.0,67194,-6,1,4874,2.039311647415161,0.5775856971740723,-0.0522499643266201,0.07712523639202118,261,32766,32766,32766,32766,3.2093842029571533
2026-04-07T10:34:57.757,radio://0/80/2M,mission,1,1,Wall Follow,1.0205742120742798,0,0,0,0.0,0,0,0.0,0.0,67194,-6,1,4874,2.039311647415161,0.5775856971740723,-0.0522499643266201,0.07712523639202118,261,32766,32766,32766,32766,3.2093842029571533
2026-04-07T10:34:57.760,radio://0/80/2M,flow,1,1,Wall Follow,1.0205742120742798,0,0,0,0.0,0,0,0.0,0.0,67444,0,0,2832,0.9714566469192505,0.4187297523021698,0.006135412957519293,0.17979273200035095,261,32766,32766,32766,32766,3.2093842029571533
2026-04-07T10:34:57.761,radio://0/80/2M,range,1,1,Wall Follow,1.0205742120742798,0,0,0,0.0,0,0,0.0,0.0,67444,0,0,2832,0.9714566469192505,0.4187297523021698,0.006135412957519293,0.17979273200035095,32766,32766,114,32766,32766,3.2199413776397705
2026-04-07T10:34:58.008,radio://0/80/2M,mission,1,1,Wall Follow,0.13488590717315674,0,0,0,0.0,0,0,0.0,0.0,67444,0,0,2832,0.9714566469192505,0.4187297523021698,0.006135412957519293,0.17979273200035095,32766,32766,114,32766,32766,3.2199413776397705
2026-04-07T10:34:58.013,radio://0/80/2M,flow,1,1,Wall Follow,0.13488590717315674,0,0,0,0.0,0,0,0.0,0.0,67694,16,6,4380,-0.38657018542289734,0.6695014834403992,-0.0006973801064305007,0.0,32766,32766,114,32766,32766,3.2199413776397705
2026-04-07T10:34:58.015,radio://0/80/2M,range,1,1,Wall Follow,0.13488590717315674,0,0,0,0.0,0,0,0.0,0.0,67694,16,6,4380,-0.38657018542289734,0.6695014834403992,-0.0006973801064305007,0.0,32766,32766,32766,32766,32766,3.3888564109802246
2026-04-07T10:34:58.365,radio://0/80/2M,mission,1,5,Transition,0.7383705973625183,0,0,0,0.0,0,0,0.0,0.0,67694,16,6,4380,-0.38657018542289734,0.6695014834403992,-0.0006973801064305007,0.0,32766,32766,32766,32766,32766,3.3888564109802246
2026-04-07T10:34:58.367,radio://0/80/2M,flow,1,5,Transition,0.7383705973625183,0,0,0,0.0,0,0,0.0,0.0,67944,10,-35,4814,1.800789475440979,9.928058624267578,0.28270551562309265,0.03945218026638031,32766,32766,32766,32766,32766,3.3888564109802246
2026-04-07T10:34:58.371,radio://0/80/2M,range,1,5,Transition,0.7383705973625183,0,0,0,0.0,0,0,0.0,0.0,67944,10,-35,4814,1.800789475440979,9.928058624267578,0.28270551562309265,0.03945218026638031,32766,32766,32766,0,32766,3.4416422843933105
2026-04-07T10:34:58.506,radio://0/80/2M,mission,1,5,Transition,0.649703323841095,0,0,0,0.0,0,0,0.0,0.0,67944,10,-35,4814,1.800789475440979,9.928058624267578,0.28270551562309265,0.03945218026638031,32766,32766,32766,0,32766,3.4416422843933105
2026-04-07T10:34:58.509,radio://0/80/2M,flow,1,5,Transition,0.649703323841095,0,0,0,0.0,0,0,0.0,0.0,68194,13,-2,2084,1.2378644943237305,10.32625675201416,-0.08049380034208298,0.0,32766,32766,32766,0,32766,3.4416422843933105
2026-04-07T10:34:58.510,radio://0/80/2M,range,1,5,Transition,0.649703323841095,0,0,0,0.0,0,0,0.0,0.0,68194,13,-2,2084,1.2378644943237305,10.32625675201416,-0.08049380034208298,0.0,38,153,32766,32766,18,3.684457540512085
2026-04-07T10:34:58.758,radio://0/80/2M,mission,1,2,Scan,0.6184256076812744,0,0,0,0.0,0,0,0.0,0.0,68194,13,-2,2084,1.2378644943237305,10.32625675201416,-0.08049380034208298,0.0,38,153,32766,32766,18,3.684457540512085
2026-04-07T10:34:58.760,radio://0/80/2M,flow,1,2,Scan,0.6184256076812744,0,0,0,0.0,0,0,0.0,0.0,68444,0,1,2084,-0.11908691376447678,9.133746147155762,-0.0009600002085790038,0.0031800002325326204,38,153,32766,32766,18,3.684457540512085
2026-04-07T10:34:58.761,radio://0/80/2M,range,1,2,Scan,0.6184256076812744,0,0,0,0.0,0,0,0.0,0.0,68444,0,1,2084,-0.11908691376447678,9.133746147155762,-0.0009600002085790038,0.0031800002325326204,55,156,50,87,19,3.869208335876465
2026-04-07T10:34:59.011,radio://0/80/2M,mission,1,2,Scan,0.483240008354187,0,0,0,0.0,0,0,0.0,0.0,68444,0,1,2084,-0.11908691376447678,9.133746147155762,-0.0009600002085790038,0.0031800002325326204,55,156,50,87,19,3.869208335876465
2026-04-07T10:34:59.012,radio://0/80/2M,flow,1,2,Scan,0.483240008354187,0,0,0,0.0,0,0,0.0,0.0,68694,1,0,2084,-1.6799113750457764,7.936426639556885,-0.0018900007707998157,0.003509999718517065,55,156,50,87,19,3.869208335876465
2026-04-07T10:34:59.015,radio://0/80/2M,range,1,2,Scan,0.483240008354187,0,0,0,0.0,0,0,0.0,0.0,68694,1,0,2084,-1.6799113750457764,7.936426639556885,-0.0018900007707998157,0.003509999718517065,41,166,49,104,29,3.8850440979003906
2026-04-07T10:34:59.280,radio://0/80/2M,mission,1,2,Scan,0.3829193711280823,0,0,0,0.0,0,0,0.0,0.0,68694,1,0,2084,-1.6799113750457764,7.936426639556885,-0.0018900007707998157,0.003509999718517065,41,166,49,104,29,3.8850440979003906
2026-04-07T10:34:59.304,radio://0/80/2M,flow,1,2,Scan,0.3829193711280823,0,0,0,0.0,0,0,0.0,0.0,68944,-1,-1,2084,-3.3353304862976074,6.608830451965332,0.0,0.0,41,166,49,104,29,3.8850440979003906
2026-04-07T10:34:59.309,radio://0/80/2M,range,1,2,Scan,0.3829193711280823,0,0,0,0.0,0,0,0.0,0.0,68944,-1,-1,2084,-3.3353304862976074,6.608830451965332,0.0,0.0,39,167,50,111,30,3.890322685241699
2026-04-07T10:34:59.507,radio://0/80/2M,mission,1,2,Scan,-0.22977469861507416,0,0,0,0.0,0,0,0.0,0.0,68944,-1,-1,2084,-3.3353304862976074,6.608830451965332,0.0,0.0,39,167,50,111,30,3.890322685241699
2026-04-07T10:34:59.508,radio://0/80/2M,flow,1,2,Scan,-0.22977469861507416,0,0,0,0.0,0,0,0.0,0.0,69194,0,0,2084,-5.68940544128418,4.87547492980957,0.0,0.0,39,167,50,111,30,3.890322685241699
2026-04-07T10:34:59.509,radio://0/80/2M,range,1,2,Scan,-0.22977469861507416,0,0,0,0.0,0,0,0.0,0.0,69194,0,0,2084,-5.68940544128418,4.87547492980957,0.0,0.0,41,166,49,111,19,3.9008798599243164
2026-04-07T10:34:59.757,radio://0/80/2M,mission,1,2,Scan,-0.5753685235977173,0,0,0,0.0,0,0,0.0,0.0,69194,0,0,2084,-5.68940544128418,4.87547492980957,0.0,0.0,41,166,49,111,19,3.9008798599243164
2026-04-07T10:34:59.760,radio://0/80/2M,flow,1,2,Scan,-0.5753685235977173,0,0,0,0.0,0,0,0.0,0.0,69444,0,0,2084,-9.402600288391113,1.1051911115646362,0.0,0.0,41,166,49,111,19,3.9008798599243164
2026-04-07T10:34:59.763,radio://0/80/2M,range,1,2,Scan,-0.5753685235977173,0,0,0,0.0,0,0,0.0,0.0,69444,0,0,2084,-9.402600288391113,1.1051911115646362,0.0,0.0,39,164,52,115,18,3.906158447265625
2026-04-07T10:35:00.005,radio://0/80/2M,mission,1,2,Scan,2.84268856048584,0,0,0,0.0,0,0,0.0,0.0,69444,0,0,2084,-9.402600288391113,1.1051911115646362,0.0,0.0,39,164,52,115,18,3.906158447265625
2026-04-07T10:35:00.009,radio://0/80/2M,flow,1,2,Scan,2.84268856048584,0,0,0,0.0,0,0,0.0,0.0,69694,0,0,2084,-0.05337700620293617,0.042325060814619064,-0.002099999925121665,0.003480000188574195,39,164,52,115,18,3.906158447265625
2026-04-07T10:35:00.010,radio://0/80/2M,range,1,2,Scan,2.84268856048584,0,0,0,0.0,0,0,0.0,0.0,69694,0,0,2084,-0.05337700620293617,0.042325060814619064,-0.002099999925121665,0.003480000188574195,41,166,50,111,34,3.9114370346069336
2026-04-07T10:35:00.257,radio://0/80/2M,mission,1,2,Scan,2.24006724357605,0,0,0,0.0,0,0,0.0,0.0,69694,0,0,2084,-0.05337700620293617,0.042325060814619064,-0.002099999925121665,0.003480000188574195,41,166,50,111,34,3.9114370346069336
2026-04-07T10:35:00.260,radio://0/80/2M,flow,1,2,Scan,2.24006724357605,0,0,0,0.0,0,0,0.0,0.0,69944,0,0,2084,-0.27196118235588074,0.21232251822948456,-0.0021900006104260683,0.0033899995032697916,41,166,50,111,34,3.9114370346069336
2026-04-07T10:35:00.262,radio://0/80/2M,range,1,2,Scan,2.24006724357605,0,0,0,0.0,0,0,0.0,0.0,69944,0,0,2084,-0.27196118235588074,0.21232251822948456,-0.0021900006104260683,0.0033899995032697916,42,163,50,115,34,3.916715621948242
2026-04-07T10:35:00.531,radio://0/80/2M,mission,1,2,Scan,1.5150309801101685,0,0,0,0.0,0,0,0.0,0.0,69944,0,0,2084,-0.27196118235588074,0.21232251822948456,-0.0021900006104260683,0.0033899995032697916,42,163,50,115,34,3.916715621948242
2026-04-07T10:35:00.567,radio://0/80/2M,flow,1,2,Scan,1.5150309801101685,0,0,0,0.0,0,0,0.0,0.0,70194,1,0,2084,-0.7308592200279236,0.5716306567192078,-0.0021600008476525545,0.0035100013483315706,42,163,50,115,34,3.916715621948242
2026-04-07T10:35:00.578,radio://0/80/2M,range,1,2,Scan,1.5150309801101685,0,0,0,0.0,0,0,0.0,0.0,70194,1,0,2084,-0.7308592200279236,0.5716306567192078,-0.0021600008476525545,0.0035100013483315706,39,165,48,111,21,3.921994209289551
2026-04-07T10:35:00.758,radio://0/80/2M,mission,1,2,Scan,1.6708000898361206,0,0,0,0.0,0,0,0.0,0.0,70194,1,0,2084,-0.7308592200279236,0.5716306567192078,-0.0021600008476525545,0.0035100013483315706,39,165,48,111,21,3.921994209289551
2026-04-07T10:35:00.761,radio://0/80/2M,flow,1,2,Scan,1.6708000898361206,0,0,0,0.0,0,0,0.0,0.0,70444,0,0,2084,-0.8252317905426025,0.6452575325965881,-0.0022799994330853224,0.0033000006806105375,39,165,48,111,21,3.921994209289551
2026-04-07T10:35:00.769,radio://0/80/2M,range,1,2,Scan,1.6708000898361206,0,0,0,0.0,0,0,0.0,0.0,70444,0,0,2084,-0.8252317905426025,0.6452575325965881,-0.0022799994330853224,0.0033000006806105375,37,161,51,113,17,3.921994209289551
